{
    "normal": {
        "precision": 0.6373056994818653,
        "recall": 0.33545454545454545,
        "f1-score": 0.4395473496128648,
        "support": 1100.0
    },
    "pneumonia": {
        "precision": 0.339411520928305,
        "recall": 0.8340122199592668,
        "f1-score": 0.4824742268041237,
        "support": 982.0
    },
    "not_normal": {
        "precision": 0.5091575091575091,
        "recall": 0.11749788672865596,
        "f1-score": 0.19093406593406592,
        "support": 1183.0
    },
    "accuracy": 0.4064318529862175,
    "macro avg": {
        "precision": 0.49529157652255984,
        "recall": 0.42898821738082277,
        "f1-score": 0.3709852141170182,
        "support": 3265.0
    },
    "weighted avg": {
        "precision": 0.5012777079065791,
        "recall": 0.4064318529862175,
        "f1-score": 0.3623787979466465,
        "support": 3265.0
    }
}