{
    "normal": {
        "precision": 0.7998236331569665,
        "recall": 0.8245454545454546,
        "f1-score": 0.8119964189794091,
        "support": 1100.0
    },
    "pneumonia": {
        "precision": 0.7416762342135477,
        "recall": 0.6578411405295316,
        "f1-score": 0.6972477064220184,
        "support": 982.0
    },
    "not_normal": {
        "precision": 0.626984126984127,
        "recall": 0.6677937447168216,
        "f1-score": 0.6467458043389276,
        "support": 1183.0
    },
    "accuracy": 0.7176110260336906,
    "macro avg": {
        "precision": 0.7228279981182136,
        "recall": 0.7167267799306026,
        "f1-score": 0.7186633099134516,
        "support": 3265.0
    },
    "weighted avg": {
        "precision": 0.7197103463070716,
        "recall": 0.7176110260336906,
        "f1-score": 0.7176090643542798,
        "support": 3265.0
    }
}