{
    "normal": {
        "precision": 0.7864541832669323,
        "recall": 0.8972727272727272,
        "f1-score": 0.8382165605095542,
        "support": 1100.0
    },
    "pneumonia": {
        "precision": 0.7702227432590856,
        "recall": 0.6690427698574338,
        "f1-score": 0.7160762942779292,
        "support": 982.0
    },
    "not_normal": {
        "precision": 0.6949006050129646,
        "recall": 0.6796280642434489,
        "f1-score": 0.6871794871794872,
        "support": 1183.0
    },
    "accuracy": 0.749770290964778,
    "macro avg": {
        "precision": 0.7505258438463275,
        "recall": 0.7486478537912032,
        "f1-score": 0.7471574473223234,
        "support": 3265.0
    },
    "weighted avg": {
        "precision": 0.748399923799199,
        "recall": 0.749770290964778,
        "f1-score": 0.746756040084156,
        "support": 3265.0
    }
}