{
    "normal": {
        "precision": 0.7801120448179272,
        "recall": 0.5063636363636363,
        "f1-score": 0.6141124586549063,
        "support": 1100.0
    },
    "pneumonia": {
        "precision": 0.6426332288401254,
        "recall": 0.20875763747454176,
        "f1-score": 0.3151421983089931,
        "support": 982.0
    },
    "not_normal": {
        "precision": 0.46550179211469533,
        "recall": 0.8782755705832629,
        "f1-score": 0.6084919472913617,
        "support": 1183.0
    },
    "accuracy": 0.5516079632465544,
    "macro avg": {
        "precision": 0.629415688590916,
        "recall": 0.5311322814738136,
        "f1-score": 0.5125822014184204,
        "support": 3265.0
    },
    "weighted avg": {
        "precision": 0.6247711179456071,
        "recall": 0.5516079632465544,
        "f1-score": 0.5221559929266489,
        "support": 3265.0
    }
}