{
    "normal": {
        "precision": 0.764030612244898,
        "recall": 0.8557142857142858,
        "f1-score": 0.807277628032345,
        "support": 700.0
    },
    "pneumonia": {
        "precision": 0.7254901960784313,
        "recall": 0.6765714285714286,
        "f1-score": 0.7001774098166765,
        "support": 875.0
    },
    "not_normal": {
        "precision": 0.6917098445595855,
        "recall": 0.6770921386306001,
        "f1-score": 0.6843229389149936,
        "support": 1183.0
    },
    "accuracy": 0.7222625090645395,
    "macro avg": {
        "precision": 0.7270768842943051,
        "recall": 0.7364592843054382,
        "f1-score": 0.7305926589213384,
        "support": 2758.0
    },
    "weighted avg": {
        "precision": 0.7207824859514307,
        "recall": 0.7222625090645395,
        "f1-score": 0.7205596845354136,
        "support": 2758.0
    }
}