{
    "normal": {
        "precision": 0.8326105810928014,
        "recall": 0.8727272727272727,
        "f1-score": 0.8521970705725699,
        "support": 1100.0
    },
    "pneumonia": {
        "precision": 0.7710706150341685,
        "recall": 0.6894093686354379,
        "f1-score": 0.7279569892473118,
        "support": 982.0
    },
    "not_normal": {
        "precision": 0.7050243111831442,
        "recall": 0.73541842772612,
        "f1-score": 0.7199007033512619,
        "support": 1183.0
    },
    "accuracy": 0.7678407350689127,
    "macro avg": {
        "precision": 0.7695685024367047,
        "recall": 0.7658516896962769,
        "f1-score": 0.7666849210570478,
        "support": 3265.0
    },
    "weighted avg": {
        "precision": 0.7678734282680841,
        "recall": 0.7678407350689127,
        "f1-score": 0.7668952750797028,
        "support": 3265.0
    }
}