{
    "normal": {
        "precision": 0.8207705192629816,
        "recall": 0.8909090909090909,
        "f1-score": 0.8544027898866609,
        "support": 1100.0
    },
    "pneumonia": {
        "precision": 0.7880633373934226,
        "recall": 0.6588594704684317,
        "f1-score": 0.7176927343316695,
        "support": 982.0
    },
    "not_normal": {
        "precision": 0.696,
        "recall": 0.73541842772612,
        "f1-score": 0.7151664611590629,
        "support": 1183.0
    },
    "accuracy": 0.7647779479326187,
    "macro avg": {
        "precision": 0.7682779522188014,
        "recall": 0.7617289963678808,
        "f1-score": 0.7624206617924644,
        "support": 3265.0
    },
    "weighted avg": {
        "precision": 0.7657255033720124,
        "recall": 0.7647779479326187,
        "f1-score": 0.7628359134885752,
        "support": 3265.0
    }
}