{
    "normal": {
        "precision": 0.7215980024968789,
        "recall": 0.8257142857142857,
        "f1-score": 0.7701532311792139,
        "support": 700.0
    },
    "pneumonia": {
        "precision": 0.7428571428571429,
        "recall": 0.5645714285714286,
        "f1-score": 0.6415584415584416,
        "support": 875.0
    },
    "not_normal": {
        "precision": 0.6524767801857585,
        "recall": 0.7125950972104819,
        "f1-score": 0.6812121212121212,
        "support": 1183.0
    },
    "accuracy": 0.6943437273386512,
    "macro avg": {
        "precision": 0.7056439751799267,
        "recall": 0.7009602704987321,
        "f1-score": 0.6976412646499255,
        "support": 2758.0
    },
    "weighted avg": {
        "precision": 0.6986942105538678,
        "recall": 0.6943437273386512,
        "f1-score": 0.6912055248669418,
        "support": 2758.0
    }
}