{
    "normal": {
        "precision": 0.7473958333333334,
        "recall": 0.7827272727272727,
        "f1-score": 0.7646536412078153,
        "support": 1100.0
    },
    "pneumonia": {
        "precision": 0.6157243816254417,
        "recall": 0.709775967413442,
        "f1-score": 0.6594134342478714,
        "support": 982.0
    },
    "not_normal": {
        "precision": 0.6564729867482161,
        "recall": 0.5443786982248521,
        "f1-score": 0.5951940850277264,
        "support": 1183.0
    },
    "accuracy": 0.6744257274119448,
    "macro avg": {
        "precision": 0.6731977339023304,
        "recall": 0.6789606461218556,
        "f1-score": 0.673087053494471,
        "support": 3265.0
    },
    "weighted avg": {
        "precision": 0.6748497098762604,
        "recall": 0.6744257274119448,
        "f1-score": 0.6716011027098948,
        "support": 3265.0
    }
}