{
    "normal": {
        "precision": 0.8696682464454977,
        "recall": 0.6672727272727272,
        "f1-score": 0.7551440329218106,
        "support": 1100.0
    },
    "pneumonia": {
        "precision": 0.622672064777328,
        "recall": 0.7830957230142567,
        "f1-score": 0.6937302661253947,
        "support": 982.0
    },
    "not_normal": {
        "precision": 0.6306913996627319,
        "recall": 0.63229078613694,
        "f1-score": 0.6314900802026171,
        "support": 1183.0
    },
    "accuracy": 0.6894333843797856,
    "macro avg": {
        "precision": 0.7076772369618526,
        "recall": 0.6942197454746412,
        "f1-score": 0.6934547930832741,
        "support": 3265.0
    },
    "weighted avg": {
        "precision": 0.7087923321599986,
        "recall": 0.6894333843797856,
        "f1-score": 0.6918696240210798,
        "support": 3265.0
    }
}