{
    "normal": {
        "precision": 0.46216216216216216,
        "recall": 0.7328571428571429,
        "f1-score": 0.5668508287292817,
        "support": 700.0
    },
    "pneumonia": {
        "precision": 0.5978494623655914,
        "recall": 0.3177142857142857,
        "f1-score": 0.41492537313432837,
        "support": 875.0
    },
    "accuracy": 0.5022222222222222,
    "macro avg": {
        "precision": 0.5300058122638768,
        "recall": 0.5252857142857144,
        "f1-score": 0.490888100931805,
        "support": 1575.0
    },
    "weighted avg": {
        "precision": 0.5375439956085117,
        "recall": 0.5022222222222222,
        "f1-score": 0.4824477978431965,
        "support": 1575.0
    }
}