{
    "normal": {
        "precision": 0.7552631578947369,
        "recall": 0.5218181818181818,
        "f1-score": 0.6172043010752688,
        "support": 1100.0
    },
    "pneumonia": {
        "precision": 0.7944983818770227,
        "recall": 0.5,
        "f1-score": 0.61375,
        "support": 982.0
    },
    "not_normal": {
        "precision": 0.5283518812930578,
        "recall": 0.8427726120033813,
        "f1-score": 0.6495114006514658,
        "support": 1183.0
    },
    "accuracy": 0.6315467075038285,
    "macro avg": {
        "precision": 0.6927044736882725,
        "recall": 0.6215302646071877,
        "f1-score": 0.6268219005755782,
        "support": 3265.0
    },
    "weighted avg": {
        "precision": 0.6848475222839615,
        "recall": 0.6315467075038285,
        "f1-score": 0.6278711234773292,
        "support": 3265.0
    }
}