{
    "normal": {
        "precision": 0.8223140495867769,
        "recall": 0.9045454545454545,
        "f1-score": 0.8614718614718615,
        "support": 1100.0
    },
    "pneumonia": {
        "precision": 0.7984886649874056,
        "recall": 0.6456211812627292,
        "f1-score": 0.713963963963964,
        "support": 982.0
    },
    "not_normal": {
        "precision": 0.6938937351308485,
        "recall": 0.7396449704142012,
        "f1-score": 0.7160392798690671,
        "support": 1183.0
    },
    "accuracy": 0.7669218989280245,
    "macro avg": {
        "precision": 0.7715654832350104,
        "recall": 0.7632705354074617,
        "f1-score": 0.763825035101631,
        "support": 3265.0
    },
    "weighted avg": {
        "precision": 0.7686179516762269,
        "recall": 0.7669218989280245,
        "f1-score": 0.7644122904492395,
        "support": 3265.0
    }
}