{
    "normal": {
        "precision": 0.8361381753764393,
        "recall": 0.8581818181818182,
        "f1-score": 0.8470165993719156,
        "support": 1100.0
    },
    "pneumonia": {
        "precision": 0.7792056074766355,
        "recall": 0.6792260692464358,
        "f1-score": 0.7257889009793254,
        "support": 982.0
    },
    "not_normal": {
        "precision": 0.690625,
        "recall": 0.7472527472527473,
        "f1-score": 0.7178237921234267,
        "support": 1183.0
    },
    "accuracy": 0.7641653905053599,
    "macro avg": {
        "precision": 0.7686562609510249,
        "recall": 0.7615535448936671,
        "f1-score": 0.7635430974915559,
        "support": 3265.0
    },
    "weighted avg": {
        "precision": 0.766291355116735,
        "recall": 0.7641653905053599,
        "f1-score": 0.7637453311340946,
        "support": 3265.0
    }
}