{
    "normal": {
        "precision": 0.8172323759791122,
        "recall": 0.8536363636363636,
        "f1-score": 0.8350377945753669,
        "support": 1100.0
    },
    "pneumonia": {
        "precision": 0.7552742616033755,
        "recall": 0.7291242362525459,
        "f1-score": 0.7419689119170985,
        "support": 982.0
    },
    "not_normal": {
        "precision": 0.6823630136986302,
        "recall": 0.6737109044801353,
        "f1-score": 0.678009357720119,
        "support": 1183.0
    },
    "accuracy": 0.7509954058192956,
    "macro avg": {
        "precision": 0.751623217093706,
        "recall": 0.7521571681230149,
        "f1-score": 0.7516720214041949,
        "support": 3265.0
    },
    "weighted avg": {
        "precision": 0.7497305922441095,
        "recall": 0.7509954058192956,
        "f1-score": 0.7501501120117595,
        "support": 3265.0
    }
}