{
    "normal": {
        "precision": 0.7418677859391396,
        "recall": 0.6427272727272727,
        "f1-score": 0.6887481734047735,
        "support": 1100.0
    },
    "pneumonia": {
        "precision": 0.6729323308270677,
        "recall": 0.18228105906313646,
        "f1-score": 0.28685897435897434,
        "support": 982.0
    },
    "not_normal": {
        "precision": 0.47653958944281527,
        "recall": 0.8241758241758241,
        "f1-score": 0.6039021368844844,
        "support": 1183.0
    },
    "accuracy": 0.5699846860643185,
    "macro avg": {
        "precision": 0.6304465687363409,
        "recall": 0.5497280519887444,
        "f1-score": 0.526503094882744,
        "support": 3265.0
    },
    "weighted avg": {
        "precision": 0.6249986057323382,
        "recall": 0.5699846860643185,
        "f1-score": 0.5371316176110593,
        "support": 3265.0
    }
}