{
    "normal": {
        "precision": 0.8062654575432812,
        "recall": 0.889090909090909,
        "f1-score": 0.8456549935149157,
        "support": 1100.0
    },
    "pneumonia": {
        "precision": 0.6837004405286343,
        "recall": 0.790224032586558,
        "f1-score": 0.733112895606991,
        "support": 982.0
    },
    "not_normal": {
        "precision": 0.7502726281352236,
        "recall": 0.5815722738799662,
        "f1-score": 0.6552380952380953,
        "support": 1183.0
    },
    "accuracy": 0.7479326186830015,
    "macro avg": {
        "precision": 0.7467461754023796,
        "recall": 0.7536290718524778,
        "f1-score": 0.7446686614533341,
        "support": 3265.0
    },
    "weighted avg": {
        "precision": 0.7491143506832152,
        "recall": 0.7479326186830015,
        "f1-score": 0.7428128707562449,
        "support": 3265.0
    }
}