{
    "normal": {
        "precision": 0.8069815195071869,
        "recall": 0.3572727272727273,
        "f1-score": 0.4952741020793951,
        "support": 1100.0
    },
    "pneumonia": {
        "precision": 0.6031746031746031,
        "recall": 0.23217922606924643,
        "f1-score": 0.3352941176470588,
        "support": 982.0
    },
    "not_normal": {
        "precision": 0.4091666666666667,
        "recall": 0.8300929839391378,
        "f1-score": 0.548144013396595,
        "support": 1183.0
    },
    "accuracy": 0.49096477794793264,
    "macro avg": {
        "precision": 0.6064409297828189,
        "recall": 0.47318164576037053,
        "f1-score": 0.4595707443743497,
        "support": 3265.0
    },
    "weighted avg": {
        "precision": 0.6015440424018476,
        "recall": 0.49096477794793264,
        "f1-score": 0.4663138449203425,
        "support": 3265.0
    }
}