{
    "normal": {
        "precision": 0.8736616702355461,
        "recall": 0.3709090909090909,
        "f1-score": 0.5207402680280792,
        "support": 1100.0
    },
    "pneumonia": {
        "precision": 0.6504751847940866,
        "recall": 0.6272912423625254,
        "f1-score": 0.63867288750648,
        "support": 982.0
    },
    "not_normal": {
        "precision": 0.48244192328471097,
        "recall": 0.7548605240912933,
        "f1-score": 0.5886618325642716,
        "support": 1183.0
    },
    "accuracy": 0.5871362940275651,
    "macro avg": {
        "precision": 0.6688595927714479,
        "recall": 0.5843536191209698,
        "f1-score": 0.5826916626996103,
        "support": 3265.0
    },
    "weighted avg": {
        "precision": 0.6647850731922532,
        "recall": 0.5871362940275651,
        "f1-score": 0.5808202199956458,
        "support": 3265.0
    }
}