{
    "normal": {
        "precision": 0.0,
        "recall": 0.0,
        "f1-score": 0.0,
        "support": 1100.0
    },
    "pneumonia": {
        "precision": 0.3007656967840735,
        "recall": 1.0,
        "f1-score": 0.4624440781728279,
        "support": 982.0
    },
    "not_normal": {
        "precision": 0.0,
        "recall": 0.0,
        "f1-score": 0.0,
        "support": 1183.0
    },
    "accuracy": 0.3007656967840735,
    "macro avg": {
        "precision": 0.10025523226135784,
        "recall": 0.3333333333333333,
        "f1-score": 0.1541480260576093,
        "support": 3265.0
    },
    "weighted avg": {
        "precision": 0.09046000436200924,
        "recall": 0.3007656967840735,
        "f1-score": 0.13908731539531916,
        "support": 3265.0
    }
}