{
    "normal": {
        "precision": 0.8203592814371258,
        "recall": 0.8718181818181818,
        "f1-score": 0.8453063023358308,
        "support": 1100.0
    },
    "pneumonia": {
        "precision": 0.6976303317535545,
        "recall": 0.7494908350305499,
        "f1-score": 0.7226313205694649,
        "support": 982.0
    },
    "not_normal": {
        "precision": 0.723342939481268,
        "recall": 0.6365173288250211,
        "f1-score": 0.677158273381295,
        "support": 1183.0
    },
    "accuracy": 0.749770290964778,
    "macro avg": {
        "precision": 0.7471108508906493,
        "recall": 0.7526087818912509,
        "f1-score": 0.7483652987621969,
        "support": 3265.0
    },
    "weighted avg": {
        "precision": 0.748294913558704,
        "recall": 0.749770290964778,
        "f1-score": 0.7474851843120063,
        "support": 3265.0
    }
}