{
    "normal": {
        "precision": 0.8068849706129303,
        "recall": 0.8736363636363637,
        "f1-score": 0.8389349628982977,
        "support": 1100.0
    },
    "pneumonia": {
        "precision": 0.8101430429128739,
        "recall": 0.6344195519348269,
        "f1-score": 0.7115933752141633,
        "support": 982.0
    },
    "not_normal": {
        "precision": 0.6551724137931034,
        "recall": 0.7227387996618766,
        "f1-score": 0.6872990353697749,
        "support": 1183.0
    },
    "accuracy": 0.7470137825421134,
    "macro avg": {
        "precision": 0.7574001424396358,
        "recall": 0.7435982384110223,
        "f1-score": 0.745942457827412,
        "support": 3265.0
    },
    "weighted avg": {
        "precision": 0.7528952224600022,
        "recall": 0.7470137825421134,
        "f1-score": 0.7456930819267625,
        "support": 3265.0
    }
}