{
    "normal": {
        "precision": 0.5332741792369121,
        "recall": 0.8585714285714285,
        "f1-score": 0.6579091406677614,
        "support": 700.0
    },
    "pneumonia": {
        "precision": 0.7790178571428571,
        "recall": 0.39885714285714285,
        "f1-score": 0.527588813303099,
        "support": 875.0
    },
    "accuracy": 0.6031746031746031,
    "macro avg": {
        "precision": 0.6561460181898846,
        "recall": 0.6287142857142857,
        "f1-score": 0.5927489769854302,
        "support": 1575.0
    },
    "weighted avg": {
        "precision": 0.6697984447402149,
        "recall": 0.6031746031746031,
        "f1-score": 0.5855089587985045,
        "support": 1575.0
    }
}