{
    "normal": {
        "precision": 0.5538296732726299,
        "recall": 0.94,
        "f1-score": 0.6970003370407819,
        "support": 1100.0
    },
    "pneumonia": {
        "precision": 0.7188940092165899,
        "recall": 0.15885947046843177,
        "f1-score": 0.2602168473728107,
        "support": 982.0
    },
    "not_normal": {
        "precision": 0.541913632514818,
        "recall": 0.5409974640743872,
        "f1-score": 0.5414551607445008,
        "support": 1183.0
    },
    "accuracy": 0.5604900459418071,
    "macro avg": {
        "precision": 0.6048791050013459,
        "recall": 0.5466189781809397,
        "f1-score": 0.49955744838603117,
        "support": 3265.0
    },
    "weighted avg": {
        "precision": 0.5991578514289781,
        "recall": 0.5604900459418071,
        "f1-score": 0.5092725176188988,
        "support": 3265.0
    }
}