{
    "normal": {
        "precision": 0.7270588235294118,
        "recall": 0.8828571428571429,
        "f1-score": 0.7974193548387096,
        "support": 700.0
    },
    "pneumonia": {
        "precision": 0.7274881516587678,
        "recall": 0.7017142857142857,
        "f1-score": 0.7143688190808609,
        "support": 875.0
    },
    "not_normal": {
        "precision": 0.7142857142857143,
        "recall": 0.6424344885883347,
        "f1-score": 0.6764574988874055,
        "support": 1183.0
    },
    "accuracy": 0.7222625090645395,
    "macro avg": {
        "precision": 0.7229442298246314,
        "recall": 0.7423353057199211,
        "f1-score": 0.7294152242689919,
        "support": 2758.0
    },
    "weighted avg": {
        "precision": 0.7217162107222661,
        "recall": 0.7222625090645395,
        "f1-score": 0.71918618066231,
        "support": 2758.0
    }
}