{
    "normal": {
        "precision": 0.8698630136986302,
        "recall": 0.6927272727272727,
        "f1-score": 0.771255060728745,
        "support": 1100.0
    },
    "pneumonia": {
        "precision": 0.6739543726235742,
        "recall": 0.7219959266802444,
        "f1-score": 0.6971484759095379,
        "support": 982.0
    },
    "not_normal": {
        "precision": 0.6290201944652206,
        "recall": 0.7109044801352493,
        "f1-score": 0.6674603174603174,
        "support": 1183.0
    },
    "accuracy": 0.7081163859111792,
    "macro avg": {
        "precision": 0.7242791935958083,
        "recall": 0.7085425598475888,
        "f1-score": 0.7119546180328667,
        "support": 3265.0
    },
    "weighted avg": {
        "precision": 0.7236763856162938,
        "recall": 0.7081163859111792,
        "f1-score": 0.7113586296172562,
        "support": 3265.0
    }
}