{
    "normal": {
        "precision": 0.8006952491309386,
        "recall": 0.6281818181818182,
        "f1-score": 0.7040244523688233,
        "support": 1100.0
    },
    "pneumonia": {
        "precision": 0.6013071895424836,
        "recall": 0.7494908350305499,
        "f1-score": 0.6672710788757933,
        "support": 982.0
    },
    "not_normal": {
        "precision": 0.5916808149405772,
        "recall": 0.5891800507185122,
        "f1-score": 0.5904277848369335,
        "support": 1183.0
    },
    "accuracy": 0.6505359877488515,
    "macro avg": {
        "precision": 0.6645610845379998,
        "recall": 0.6556175679769601,
        "f1-score": 0.6539077720271834,
        "support": 3265.0
    },
    "weighted avg": {
        "precision": 0.6649944374424056,
        "recall": 0.6505359877488515,
        "f1-score": 0.6518110770363942,
        "support": 3265.0
    }
}