{
    "normal": {
        "precision": 0.8342059336823735,
        "recall": 0.8690909090909091,
        "f1-score": 0.8512911843276937,
        "support": 1100.0
    },
    "pneumonia": {
        "precision": 0.7849588719153937,
        "recall": 0.6802443991853361,
        "f1-score": 0.7288597926895799,
        "support": 982.0
    },
    "not_normal": {
        "precision": 0.6987381703470031,
        "recall": 0.7489433643279797,
        "f1-score": 0.7229702162382701,
        "support": 1183.0
    },
    "accuracy": 0.7687595712098009,
    "macro avg": {
        "precision": 0.7726343253149235,
        "recall": 0.7660928908680749,
        "f1-score": 0.7677070644185146,
        "support": 3265.0
    },
    "weighted avg": {
        "precision": 0.7703103812533024,
        "recall": 0.7687595712098009,
        "f1-score": 0.7679737779453305,
        "support": 3265.0
    }
}