{
    "normal": {
        "precision": 0.7464684014869889,
        "recall": 0.9127272727272727,
        "f1-score": 0.8212678936605317,
        "support": 1100.0
    },
    "pneumonia": {
        "precision": 0.7177914110429447,
        "recall": 0.3574338085539715,
        "f1-score": 0.4772263766145479,
        "support": 982.0
    },
    "not_normal": {
        "precision": 0.6072676450034941,
        "recall": 0.7345731191885038,
        "f1-score": 0.6648814078041316,
        "support": 1183.0
    },
    "accuracy": 0.6811638591117918,
    "macro avg": {
        "precision": 0.6905091525111425,
        "recall": 0.668244733489916,
        "f1-score": 0.6544585593597371,
        "support": 3265.0
    },
    "weighted avg": {
        "precision": 0.6874070540027544,
        "recall": 0.6811638591117918,
        "f1-score": 0.6611288484821926,
        "support": 3265.0
    }
}