{
    "normal": {
        "precision": 0.8141666666666667,
        "recall": 0.8881818181818182,
        "f1-score": 0.8495652173913043,
        "support": 1100.0
    },
    "pneumonia": {
        "precision": 0.761849710982659,
        "recall": 0.6710794297352343,
        "f1-score": 0.713589604764483,
        "support": 982.0
    },
    "not_normal": {
        "precision": 0.6958333333333333,
        "recall": 0.705832628909552,
        "f1-score": 0.7007973143096936,
        "support": 1183.0
    },
    "accuracy": 0.7568147013782542,
    "macro avg": {
        "precision": 0.7572832369942196,
        "recall": 0.7550312922755348,
        "f1-score": 0.7546507121551603,
        "support": 3265.0
    },
    "weighted avg": {
        "precision": 0.7555560743802873,
        "recall": 0.7568147013782542,
        "f1-score": 0.7547656826454899,
        "support": 3265.0
    }
}