{
    "normal": {
        "precision": 0.2581453634085213,
        "recall": 0.14714285714285713,
        "f1-score": 0.18744313011828936,
        "support": 700.0
    },
    "pneumonia": {
        "precision": 0.4923469387755102,
        "recall": 0.6617142857142857,
        "f1-score": 0.5646026328620185,
        "support": 875.0
    },
    "accuracy": 0.433015873015873,
    "macro avg": {
        "precision": 0.37524615109201576,
        "recall": 0.4044285714285714,
        "f1-score": 0.37602288149015395,
        "support": 1575.0
    },
    "weighted avg": {
        "precision": 0.38825734972351517,
        "recall": 0.433015873015873,
        "f1-score": 0.3969761871981389,
        "support": 1575.0
    }
}