{
    "normal": {
        "precision": 0.7683307332293292,
        "recall": 0.8954545454545455,
        "f1-score": 0.8270361041141897,
        "support": 1100.0
    },
    "pneumonia": {
        "precision": 0.6713995943204868,
        "recall": 0.33706720977596744,
        "f1-score": 0.4488135593220339,
        "support": 982.0
    },
    "not_normal": {
        "precision": 0.5865771812080537,
        "recall": 0.738799661876585,
        "f1-score": 0.6539468761690984,
        "support": 1183.0
    },
    "accuracy": 0.6707503828483921,
    "macro avg": {
        "precision": 0.6754358362526233,
        "recall": 0.6571071390356993,
        "f1-score": 0.6432655132017739,
        "support": 3265.0
    },
    "weighted avg": {
        "precision": 0.6733228219124373,
        "recall": 0.6707503828483921,
        "f1-score": 0.6505647118799048,
        "support": 3265.0
    }
}