{
    "normal": {
        "precision": 0.710926694329184,
        "recall": 0.4672727272727273,
        "f1-score": 0.5639056500274273,
        "support": 1100.0
    },
    "pneumonia": {
        "precision": 0.5231788079470199,
        "recall": 0.24134419551934827,
        "f1-score": 0.3303135888501742,
        "support": 982.0
    },
    "not_normal": {
        "precision": 0.4480612733365247,
        "recall": 0.7912087912087912,
        "f1-score": 0.5721271393643031,
        "support": 1183.0
    },
    "accuracy": 0.5166921898928024,
    "macro avg": {
        "precision": 0.5607222585375761,
        "recall": 0.4999419046669556,
        "f1-score": 0.48878212608063487,
        "support": 3265.0
    },
    "weighted avg": {
        "precision": 0.5592151422735635,
        "recall": 0.5166921898928024,
        "f1-score": 0.4966280444560526,
        "support": 3265.0
    }
}