{
    "normal": {
        "precision": 0.824486301369863,
        "recall": 0.8754545454545455,
        "f1-score": 0.8492063492063492,
        "support": 1100.0
    },
    "pneumonia": {
        "precision": 0.6723695466210436,
        "recall": 0.8004073319755601,
        "f1-score": 0.7308228730822873,
        "support": 982.0
    },
    "not_normal": {
        "precision": 0.7359913793103449,
        "recall": 0.577345731191885,
        "f1-score": 0.6470866887730933,
        "support": 1183.0
    },
    "accuracy": 0.7448698315467075,
    "macro avg": {
        "precision": 0.7442824091004172,
        "recall": 0.7510692028739969,
        "f1-score": 0.7423719703539099,
        "support": 3265.0
    },
    "weighted avg": {
        "precision": 0.7466706364511033,
        "recall": 0.7448698315467075,
        "f1-score": 0.7403671051492678,
        "support": 3265.0
    }
}