{
    "normal": {
        "precision": 0.44551282051282054,
        "recall": 0.9928571428571429,
        "f1-score": 0.6150442477876106,
        "support": 700.0
    },
    "pneumonia": {
        "precision": 0.6666666666666666,
        "recall": 0.011428571428571429,
        "f1-score": 0.02247191011235955,
        "support": 875.0
    },
    "accuracy": 0.44761904761904764,
    "macro avg": {
        "precision": 0.5560897435897436,
        "recall": 0.5021428571428571,
        "f1-score": 0.3187580789499851,
        "support": 1575.0
    },
    "weighted avg": {
        "precision": 0.5683760683760684,
        "recall": 0.44761904761904764,
        "f1-score": 0.28583739352358223,
        "support": 1575.0
    }
}