{
    "normal": {
        "precision": 0.29015544041450775,
        "recall": 0.24,
        "f1-score": 0.2627052384675528,
        "support": 700.0
    },
    "pneumonia": {
        "precision": 0.46586345381526106,
        "recall": 0.5302857142857142,
        "f1-score": 0.49599144842330306,
        "support": 875.0
    },
    "accuracy": 0.4012698412698413,
    "macro avg": {
        "precision": 0.3780094471148844,
        "recall": 0.3851428571428571,
        "f1-score": 0.3793483434454279,
        "support": 1575.0
    },
    "weighted avg": {
        "precision": 0.38777100341492626,
        "recall": 0.4012698412698413,
        "f1-score": 0.3923086884429696,
        "support": 1575.0
    }
}