{
    "normal": {
        "precision": 0.8049490538573508,
        "recall": 0.5027272727272727,
        "f1-score": 0.6189143816452154,
        "support": 1100.0
    },
    "pneumonia": {
        "precision": 0.5793991416309013,
        "recall": 0.6873727087576375,
        "f1-score": 0.6287843502561714,
        "support": 982.0
    },
    "not_normal": {
        "precision": 0.5548478414720452,
        "recall": 0.6627218934911243,
        "f1-score": 0.6040061633281972,
        "support": 1183.0
    },
    "accuracy": 0.6162327718223584,
    "macro avg": {
        "precision": 0.6463986789867658,
        "recall": 0.6176072916586782,
        "f1-score": 0.617234965076528,
        "support": 3265.0
    },
    "weighted avg": {
        "precision": 0.6464927757384565,
        "recall": 0.6162327718223584,
        "f1-score": 0.6164812689061422,
        "support": 3265.0
    }
}